Row Labels,Count of Column3
Tine SA,24
Nortura SA,16
Avinor AS,9
Sar AS,7
Hydro Aluminium AS,7
Veidekke AS,5
Veidekke Industri AS,5
Norsk Gjenvinning AS,5
Hoff SA,5
Eidsiva Bioenergi AS,5
Velde Produksjon AS,4
Solør Bioenergi AS,4
Punktutslipp Fra Landbruk,4
Franzefoss Pukk AS,4
Hermod Teigen,4
Rv. 7 Rallerud Og Ørgenvika,3
Sibelco Nordic AS,3
Viking Norsafe Life-saving Equipment Norway AS,3
Skretting Fôrfabrikk,3
Statens Vegvesen,3
Orkla Foods Norge AS,3
Mowi,3
Nor Tekstil AS,3
Heidelberg Materials Betong Norge AS,3
Jangaard Export AS,3
Eramet Norway AS,3
Ewos AS,3
Bergene Holm AS,3
Biosirk Norge AS,3
Safeclean AS,2
Seagarden AS,2
Ytterøykylling AS,2
Tine Meieriet Vest BA,2
Slakthuset Eidsmo Dullum,2
Skaland Graphite AS,2
Vik Ørsta AS,2
Tschudi Arctic Transit,2
Stena Recycling AS,2
Vask Av Offshoreutstyr,2
Swerock AS,2
Peab Asfalt,2
Omya Hustadmarmor AS,2
Ncc Roads AS,2
Myre Fiskemottak AS,2
Pelagia Hordafor AS,2
Q-meieriene AS,2
Mills,2
Nuas Technology AS,2
Inovyn Norge,2
Lyse Neo AS,2
Gassco AS,2
Glasopor AS,2
Heidelberg Materials Miljø AS,2
Grilstad AS,2
Hunton Fiber AS,2
Hafslund Celsio AS,2
J. M. Nilsen Fisk AS,2
Hamar Pukk Og Grus AS,2
Hansa Borg Bryggerier,2
Hellik Teigen,2
Aker Solutions AS,2
Ekornes AS,2
Biomar Fôrfabrikk,2
Findus,2
Elkem Testvirksomhet AS,2
Cermaq Norway AS,2
Algea AS,2
E10 Hålogalandsvegen Tunneler,2
Asfaltverk,2
Bodø Hovedflystasjon,2
Tjeldbergodden Metanolfabrikk,1
Vega Grus AS,1
Utslipp Av Borevann Og Vaskevann Fra Ramshåmmårtunnelen,1
Rv 4 Grantunnelen,1
Voss Vannfabrikk,1
Saren Energy Bio-el AS,1
Saga Pearl Steinbrudd,1
Saren Energy Sarpsborg,1
Utslipp Vaskevann Strømsnes- Og Holviktunnelen,1
Sarpsborg Krematorium,1
Vestfold Vann IKS,1
Scanbio Bjugn AS,1
Zirq Cables AS,1
Scanbio Lysøysund AS,1
Tromsø Fiskeindustri,1
Scanpole,1
Ulefos Jernværk AS,1
Schlumberger Norge,1
Utslipp Fra Tunnelarbeider Snilldal-berg,1
Rossmolla Brannøvingsfelt,1
Vang Gård Per Odd Gjestvang,1
Seashore Industri AS,1
Sandefjord Lufthavn AS,1
Seim Riflebaner,1
Sandnes Garn AS,1
Sekkingstad AS,1
Wergeland Eigendom AS,1
Selbu Byggtre AS,1
Thorleif Gunnar Minge,1
Seljeli Dolomittbrudd,1
Tovikåsen Riflebaner,1
Seljord Skytterlag,1
Trondheim Lufthavn Værnes,1
Seljord Vassbehandlingsanlegg,1
Tverrøya Brannøvingsplass,1
Selvågtunnelen Fv653,1
Umoe Schat-harding AS,1
Senja Avfall Miljø AS,1
Utslipp Driftsvann Vallaviktunnelen,1
Sessvollmoen Skyte- Og Øvingsfelt,1
Utslipp Fra Veganlegg,1
Setermoen Skyte- Og Øvingsfelt,1
Vadsø Lufthavn,1
Setnesmoen Skyte- Og Øvingsfelt,1
Vartdal Riflebaner,1
Rygene-smith & Thommesen,1
Velde Asfalt AS,1
Sikveland Og Jolifjell Skyte-og Øvingsfelt,1
Verdalskalk Tromsdalen Kalksteinsbrudd,1
Silva Green Fuel DA,1
Vianode Herøya,1
Silver Seafood AS,1
Visnes Kalk Og Marmorbrudd AS,1
Simanes,1
Wacker Chemicals Norway,1
Simas Festingdalen,1
Yara Porsgrunn,1
Sivilforsvarets Kompetansesenter Starum,1
Telemark Kildevann AS,1
Sjøla Asfaltverk,1
Saga Boats AS,1
Skåbu Riflebaner,1
Toten Kålrotpakkeri AS,1
Skaga Processing AS,1
Trøstakermoen Riflebane,1
Sætra Lerduebane,1
Tromsø Lufthavn,1
Skallist Steinbrudd,1
Trust Arcticugol Barentsburg,1
Skarsmoen Elg- Og Lerduebane,1
Tunnel Hauge-lonevåg,1
Skarvbergtunnelen E69,1
Tysnes Industri AS,1
Skien Krematorium,1
Ulvedalen Riflebaner,1
Skien Lufthavn AS,1
Unicon AS,1
Skiskytterbane På Solli,1
Utslipp Av Tunnelvaskevann Ranheim-værnes,1
Skogstad Transport,1
Utslipp Fra Tunnel Soknedal,1
Skorva Leirduebane,1
Utslipp Fra Tunnelvirksomhet Fv 714 Snilldalsæter-berg,1
Sørarnøy,1
Utslipp Overvann Fra Ferdig Vei Trondheim,1
Skytebane A10 Sanering Del 1,1
Våler Vannverk,1
Slakteriet,1
Vajda-papir Scandinavia,1
Slakteriet Brekke,1
Varmesentral Breivika,1
Sørkjosen Lufthavn,1
Sagerud Skiskytteranlegg,1
Slettrønningen Riflebaner,1
Salten Krematorium,1
Sma Mineral,1
Velde Industri,1
Smådyrkrematoriet AS,1
Verdal Kornsilo,1
Smaken Av Grimstad,1
Vestfold Krematorium IKS,1
Smestadtunellen I Oslo,1
Vestland Base AS,1
Smith Stål,1
Vikenco AS,1
Smith Stål Holmestrand,1
Vindin Vassverk A.l,1
Smith Stål Vest AS,1
Vital Rørvik AS,1
Smurfit Westrock Norge,1
Vpk Packaging,1
Snsk Isfjord Radio,1
Watvedt,1
Sørlandschips AS,1
Yara Glomfjord,1
Solør Bioenergi Utility Solutions AS,1
Sandnessjøen Lufthavn Stokka,1
Sommersettunellen,1
Teamtec- Testanlegg Marin Avfallsforbrenningsovn,1
Songdalen Elg- Og Lerduebaner,1
Thermokraft AS,1
Sorteringsanlegg Og Rene Brensler,1
Safeclean Stokke AS,1
Sotra Fiskeindustri AS,1
Titania AS,1
Speira Holmestrand,1
Totalknusing,1
Speira Karmøy Rolling Mill,1
Totengrønt AS,1
Speira Recycling Services Rød,1
Tpi Norway AS,1
Speira Recycling Services Raudsand,1
Triplenine Vedde AS,1
Spenncon Rail AS,1
Tromsø Krematorium,1
Støla Riflebaner,1
Trondheim,1
Stålaker Steinbrudd,1
Trondheim Slaktehus AS,1
Stakskaret Brannøvingsfelt,1
Trygve Brovold AS,1
Stalsberghagen Krematorium,1
Tuboscope Norge AS,1
Standal Knuseverk AS,1
Tvedalen Vest Steinindustriområde,1
Stangeland Maskin Nordre Kalberg,1
Tydal Motorsportklubb,1
Sørreisa Kommune Brannøvingsfelt Øyjordnes,1
Tysværvåg Vassverk,1
Statens Vegvesen Sør-trøndelag,1
Ullensvang Riflebane,1
Statkraft Tofte,1
Umoe Mandal AS,1
Statnett Reservekraftanlegg Nyhamna,1
Unger Fabrikker AS,1
Stavanger Krematorium,1
Utlsipp Av Gråvann,1
Stavanger Lufthavn,1
Utslipp Av Overvann Fra Oljeutskiller Til Havnebasseng,1
Steen-hansen AS,1
Utslipp Driftsvann Butunnelen,1
Steinkjer Asfaltverk På Lerkehaug,1
Utslipp Fra Rehabilitering Og Vask Av Frøyatunnelen,1
Steinkjer Krematorium,1
Utslipp Fra Tunnelarbeider Og Vask Til Berfjorden,1
Steinkjer Pukkverk På Lerkehaug,1
Utslipp Fra Tunneldriving Og Vaskevann Kvithammer-åsen,1
Stella Polaris,1
Utslipp Fra Vaskevann I Driftsfase,1
Stemmedalen Vasslag,1
Utslipp Fra Veganlegg Hellfjord-sumstad,1
Rudskogen Motorsenter,1
Utslipp Tunneldriving Og Vaskevann Fv 714,1
Stena Recycling Decom AS,1
Utslippspunkt For Spylevann Fra Drikkevannsledning,1
Steni AS,1
Vålerengtunnelen,1
Stenqvist,1
Vafos Pulp,1
Stensaas Reinsdyrslakteri AS,1
Vaksdal Vassverk,1
Stian Brenden,1
Vardø Lufthavn,1
Stokmarknes Lufthavn Skagen,1
Varpet Riflebaner,1
Storbjørkåsen Grustak,1
Vasøya,1
Stord Lufthamn,1
Vasstranda Vannbehandlingsanlegg,1
Store Norske Gruve 7 Adventdalen,1
Salsus AS,1
Storvask,1
Veistein AS,1
Strand Unikorn AS,1
Velde Betong,1
Strandebarm Vassbehandlingsanlegg,1
Velde Miljø,1
Stureterminalen,1
Velde Pukk,1
Sum Hesjedalen,1
Verdalskalk,1
Svalbard Bryggeri,1
Vest-agder-museet IKS,1
Svalbard Energi Longyearbyen Energiverk,1
Vestfold Trafo Energi AS,1
Svalbard Husky,1
Vestkorn Milling,1
Svalbard Lufthavn AS,1
Vevjeåsen Nord Steinbrudd,1
Svarvamoen Skytebane,1
Sandmoen Brannøvingsfelt,1
Svene Pukkverk,1
Viking Fjord Fiskeforedling,1
Svindland,1
Vikomar AS,1
Svolvær Lufthavn Helle,1
Vipo,1
Zymtech Life Science AS,1
Vistin Pharma,1
Rosholt Vannbehandlingsanlegg,1
Vital Seafood AS,1
Synnøve Finden Alvdal,1
Vow Green Metals Follum,1
Synnøve Finden Hardanger,1
Waagård Skytebaner,1
Synnøve Finden Namsos,1
Washington Mills,1
T Holand Maskin,1
Weber Leca Trondheim,1
Tåsentunnelen,1
Wergeland-halsvik,1
Tafjord Kraftvarme,1
Yara International Porsgrunn,1
Talgø Møre Tre AS,1
Ytre Nordmøre Slakteri,1
Tangenvika Jernbanebru,1
Zinken AS,1
Tank Og Trailervask AS,1
Sandvikodden Tankanlegg,1
Tankanlegg Longyearbyen,1
Sydvaranger,1
O. Espedal Handelsegartneri,1
Røra Fabrikker,1
Pelagia Egersund Seafood,1
Mellomlagring Asfalt,1
Rekefjord Stone,1
Mellomlagring Av Masser,1
Megårdskolltunnelen,1
Melsgjerdet Brannøvingsfelt,1
Plasman AS,1
Meråker Kjøtt AS,1
Ragasco,1
Metallco Aluminium AS,1
Ringnes Bryggeri,1
Metallco Nmf AS,1
Ole Ringdal AS,1
Metallco Oppland AS,1
Ottersbo,1
Metallco Stene Fredrikstad,1
Pelagia Protein,1
Mettevolltunnelen-drift,1
Psw Group AS,1
Mibau Stema,1
Røst Lufthavn,1
Microbeads AS,1
Raufoss Næringspark ANS,1
Midlertidig Unntak Fra Forurensingsforskriftens § 26-4,1
Resitec,1
Midt-norge Slakteri AS,1
Nye Veier AS,1
Miljøbriketter AS,1
Odda Riflebaner,1
Miljøteknikk Terrateam,1
Oppdal Riflebaner,1
Mandal Castings AS,1
Oshaug Metall AS,1
Mjølfjell Og Brandset Skyte- Og Øvingsfelt,1
Mehamn Lufthavn,1
Mm Follacell,1
Pelagia Liavåg,1
Mo I Rana Lufthavn Fagerlia,1
Peterson Energi,1
Mo I Rana Lufthavn Røssvoll,1
Prima Seafood,1
Mo Industripark AS,1
Mekvik Maskin AS,1
Moelven Østerdalsbruket,1
Røros Tweed AS,1
Moelven Pellets,1
Røyskår,1
Moelven Sør-tre AS,1
Rana Industripark,1
Moelven Soknabruket,1
Reetec Demonstrasjonsanlegg,1
Moelven Trysil AS,1
Renseanlegg Lindelitunnelen,1
Moelven Van Severen AS,1
Rewaste AS,1
Moi Kjøtt,1
Risavika Production AS,1
Molde Brann Og Redning,1
Nyhamna Prosessanlegg,1
Molde Lufthavn,1
Odal Grus AS,1
Molgas Norway AS,1
Olav E. Fiskerstrand,1
Mongstad Raffineri,1
Mbp Bio Production,1
Morrow Industrialization Center AS,1
Orkla Confectionery & Snacks Norge AS,1
Mosjøen Lufthavn Kjærstad,1
Orkla Home & Personal Care,1
Moss Pukkverk,1
Osterøy Riflebaner,1
Motorsportsenter I Leirdalen,1
Påslippspunkt For Renset Vaskevann Fra Ekeberg- Og Svartdalstunnelen,1
Marienborg,1
Pelagia Akva Ren Djupvik,1
Mowi Feed- Forfabrikk,1
Meheia Riflebaner,1
Mowi Jøsnøya,1
Pelagia Måløy,1
Mowi Nutrition Hjelmeland,1
Pelagia Træna,1
Mt Slakt,1
Pharmaq,1
Multi Marine AS,1
Polynt Composites Norway AS,1
Myrbostad Bygg Og Anlegg AS,1
Prostneset Strandkantdeponi,1
Marine Supply AS,1
Puma Energy Norway AS,1
Myre Saltfish Group AS,1
Quartz Corp,1
Myrespiten Riflebane,1
Røros Lufthavn,1
Mysen Bioenergisentral,1
Rørvik Fisk AS,1
Nærøy Og Vikna Fellesvannverk,1
Røyrvik Riflebaner,1
Nærøysund Kraftbetong,1
Råzink,1
Nøtterø Riflebaner,1
Ramsjøen Riflebaner,1
Naf Motorsport Kvam,1
Rasmussen K A AS,1
Naf Trafikksenter AS,1
Re Motorsport,1
Namdalseid Riflebaner,1
Regionfelt Østlandet,1
Nammo Raufoss AS,1
Re-met,1
Namsos Lufthavn,1
Renseanlegg Søgnetunnelen,1
Napp Sjømat,1
Returkraft AS,1
Ncc Industry AS,1
Ringerikes Kornsilo,1
Ncc Norge,1
Ringveg Vest Liavatnet,1
Martin E Birknes Eftf,1
Rismålheitunnelen,1
Nel Hydrogen Electrolyser AS,1
Nygårdstunell Tunnelvaskevann Og Anleggsvann Store Lungegårdsvann,1
Nergård Sild AS,1
Nyrstar Høyanger,1
Nmk Melhus Bollandsmoen,1
O. Kavli AS,1
Nmk Surnadal Og Rindal,1
Odda Krematorium,1
Noah Solutions Langøya,1
Oddaprodukt AS,1
Nofima AS,1
Olavsvern Drivstoffanlegg,1
Maskin Og Anlegg,1
Oljeholdig Avløpsvann,1
Norbetong AS,1
Onesubsea Processing AS,1
Norcem AS,1
Opsal Betong AS,1
Nord Fosen Pukkverk AS,1
Orkla Food Norge AS,1
Nord Vei & Asfalt Asfaltverk Evenes,1
Orkla Health Ocean AS,1
Nordby,1
Ose Water AS,1
Nordbytunellen,1
Oslo Universitetssykehus,1
Nordfjord Kjøtt,1
Ottem Resirk AS,1
Nordic Electrofuel AS,1
Overhalla Betongbygg,1
Nordic Kingfish Fredrikstad AS,1
Pcs Pulverlakk AS,1
Nordic Paper,1
Pelagia,1
Nordic Pharma Inc AS,1
Pelagia Bodø Sildoljefabrikk,1
Nordic Roads AS,1
Pelagia Egersund Sildoljefabrikk,1
Nordlaks Produkter,1
Pelagia Karmsund Fiskemel,1
Nordox,1
Pelagia Lovund,1
Nordre Skage Riflebaner,1
Pelagia Måløy Sildoljefabrikk,1
Norfrakalk,1
Pelagia Selje,1
Norges Automobil-forbund,1
Pelagia Tromsø,1
Norgips Norge,1
Pharma Marine AS,1
Norkalsitt,1
Planktonic AS,1
Normilk AS,1
Polarfeed Fiskefôrfabrikk,1
Norpri Ex Prima,1
Prima Protein,1
Norrek Dypfrys AS,1
Profil-lakkering AS,1
Norscrap Karmøy Returmetallanlegg,1
Protan AS,1
Norscrap West Fragmenteringsanlegg,1
Pukkverk,1
Norse Metal Elverum AS,1
Pundslett Landbase,1
Norsk Dyremat,1
Meland Riflebaner,1
Norsk Everit AS,1
Røldal Riflebaner,1
Massedisponering,1
Røros Elektrisitetsverk AS,1
Norsk Kylling,1
Røros Slakteri A.l,1
Norsk Motorklubb,1
Rørosmeieriet AS,1
Norsk Oljevernforening For Operatørselsskap Nofo,1
Rørvik Lufthavn,1
Norsk Senter For Offshoreutdanning,1
Røst Trandamperi AS,1
Norsk Skogsmelasse,1
Røyrvik Vannbehandlingsanlegg,1
Norsk Spesialolje AS,1
Råvatn Militære Skytebaner,1
Norsk Stål AS,1
Raabakken Grustak,1
Norske Skog Saugbrugs,1
Ragn-sells AS,1
Norske Skog Skogn,1
Rana Gruber,1
Norterminal Floating Storage,1
Ranheim Paper & Board,1
Nortura Eggprodukter AS,1
Raufoss Aluminium AS,1
Nortura Karasjok AS,1
Rauma Ullvarefabrikk,1
Mauken-blåtind Skyte- Og Øvingsfelt,1
Reetec,1
Norum Kyllingfjøs,1
Refa,1
Norwegian Waste To Energy AS,1
Reinbeitedistrikt 39,1
Not Prosess,1
Relyon Nutec Norway AS,1
Not Pulverlakk,1
Renseanlegg Brulihei- Og Vollebergtunnelene,1
Not Varmforzinking,1
Renseanlegg Mjåvannsheitunnelen,1
Nouryon Nobel Pulp And Performance Chemicals Norway,1
Renseanlegg Tunneldrift E39 Mandal Øst Til Mandal By,1
Nova Sea AS,1
Resq,1
Risnes Vannverk,1
Revac AS,1
Rjukan Krematorium,1
Rimol Miljøpark AS,1
Rockwool Trondheim,1
Ringknuten Pukkverk AS,1
Romsdal Processing AS,1
Ringnes Imsdal,1
Ny Lufthavn Bodø,1
Risa,1
Ny Vei På B3 Og B4,1
Rise Fire Research AS,1
Ny-ålesund,1
Melbygruva Pukkverk,1
Nydalen Energi,1
Rockwool Moss,1
Nussir ASA,1
Rodeløkka Varmesentral,1
Nutec,1
Malerød Steinbrudd,1
Nutrimar AS,1
Hydro Extrusion Norway Magnor Før Sapa,1
Kvænangsfjelltunnelen-drift,1
Kabelfabrikk,1
Franzefoss Gjenvinning Husøya,1
Målselv Maskin Og Transport,1
Franzefoss Minerals AS,1
J E Ekornes AS,1
Forset Grus AS,1
Klåstad Steinbrudd,1
Fredø Elg- Og Riflebane,1
Lilleeide Riflebane,1
Frekhaug Stål AS,1
Horns Slakteri AS,1
Frevar,1
Ineos Rafnes,1
Freyr,1
Jens Eide AS,1
Frigård Skytebane,1
Kings Broiler,1
Fritidsbåter,1
Kongsvinger Betong Datter AS,1
Frustøl AS,1
Lerøy Aurora Lakseslakteri,1
Fuglehaugen Motorsenter,1
Longyearbyen Lokalstyre,1
Furnes Jernstøperi,1
Homlagarden AS,1
Furumoen Tunnel,1
Framo Holsnøy AS,1
Furuseth,1
Illhøllitunnelen Drens/vaskevann,1
Fyresdal Riflebaner,1
Framruste Steintipp Knuseverk,1
G3 Gausdal Treindustrier Gausdal Treforedling,1
Jahrestranda Næringspark AS,1
Gåsbu Elg- Og Lerduebane,1
Jotun Gimle,1
Forsvarsbygg,1
Kemira Chemicals AS,1
Gc Rieber Vivomega AS,1
Kirkenes Processing,1
Ge Healthcare,1
Knapphus Pukkverk,1
Ge Healthcare Lindesnes,1
Krukåsen Steinbrudd,1
Gjøco,1
Kymera International,1
Gjølme Pukkverk,1
Lierskogen Asfaltfabrikk,1
Gjøvik Krematorium,1
Lns Spitsbergen,1
Gjerberg Gård,1
Lyngen Plast,1
Forsvarsbygg Heggelia,1
Mack Renseanlegg,1
Glasskartunnelen Renset Tunnelvaskevann,1
Hopen,1
Glava Askim,1
Hovden Fiskeindustri AS,1
Glava Stjørdal,1
Hvebergsmoen Potetpakkeri AS,1
Glencore Nikkelverk,1
Ibestad Skipshugging Og Sanering AS,1
Global Florø Gunnhildvågen,1
Indus Kjemisk Teknisk Fabrikk Mottak,1
Glomma Papp,1
Innovanor Lakseslakteri Salmar,1
Grønseth Maskin AS,1
Isak D. Westgaard AS,1
Grøntvedt Pelagic AS,1
Jøtul AS,1
Granberg Garveri AS,1
Jankos Mekaniske,1
Granfosstunnelen,1
Johs Lundal & Sønner,1
Grans Bryggeri AS,1
Jule Industriområde,1
Gratangen Riflebane,1
Karmsund Protein,1
Green Yard Feda,1
King Oscar AS,1
Green Yard Kleven AS,1
Kirkelandet Kapell,1
Grieg Seafood Rogaland,1
Kjellmi AS,1
Fortuna Oils AS,1
Klodeborg Pukkverk,1
Grinda Asfaltverk,1
Kongsberg Automotive,1
Grinna Riflebane,1
Kristiansund Lufthavn,1
Gromstul,1
Kuøya Ii,1
Gruvelageret,1
Kverva,1
Gudbrandsdalens Uldvarefabrik AS,1
Løvenskiold Riflebaner,1
Gundersen Galvano,1
Lerøy Midt AS,1
Gunnar Klo AS,1
Life Technologies,1
Gyltviktunnelen,1
Lillomarka Arena,1
Gyproc AS,1
Lofoten Sjøprodukter AS,1
H. A. Hansen AS,1
Lundstad Grønt AS,1
Høilo Pukkverk,1
Framo Fusa AS,1
Hønefoss,1
Måsøval Harvest AS,1
Høysand Grustak,1
main_entity,1
Håkestad Steinbrudd,1
Honningsvåg Lufthavn,1
Håland Høydebasseng,1
Hopen Fisk AS,1
Hålogaland Vaskeri,1
Hotran Steinbrudd,1
Håsken Gokart,1
Hp Halden Pharma,1
Haakonsvern Tørrdokk,1
Huntonit,1
Hadeland Glassverk AS,1
Forevatnet Vasseverk,1
Hafsil AS,1
Hydro Vigelands Brug,1
Forus Energigjenvinning,1
If Sikkerhetssenter,1
Hallingdal Renovasjon IKS,1
Inderøy Slakteri,1
Fosnavaag Pelagic AS,1
Ineos Bamble,1
Hammerfall Dolomitt,1
Ineos Tyssedal AS,1
Hammerfest Lng,1
Innvik Sellgren,1
Hammerfest Lufthavn,1
Inrigo AS,1
Hammerstrand Mølle,1
Isola AS,1
Fossberga Pukkverk,1
Franskleiv Skiskytteranlegg,1
Haraldrud Energigjenvinningsanlegg,1
Jackon Oltedal,1
Hardanger Energi AS,1
Franzefoss,1
Hardanger Fiskeforedling AS,1
Janusfabrikken AS,1
Harsco Metals Norway AS,1
John Greger AS,1
Harstad/narvik Lufthavn Evenes,1
Jonahola Riflebaner,1
Haslum Krematorium,1
Jotun Vindal,1
Hasvik Lufthavn,1
Juptjenn Vannverk AS,1
Haugaland Motorsenter,1
Kappa Bioscience AS,1
Haugesund Lufthavn,1
Kd Norway AS,1
Hauskje Vassverk,1
Kilemoen,1
Hav Line,1
Kings Bay AS,1
Hbc Berkåk AS,1
Kirkebygden Og Ytre Enebakk Vannverk,1
Frøseth AS,1
Kirkenes Lufthavn,1
Heidelberg Materials Brevik Sementfabrikk,1
Kjeller Flystasjon,1
Heidelberg Materials Kjøpsvik Sementfabrikk,1
Kjennskogen Steinbrudd,1
Framo Flatøy AS,1
Klinga Riflebane,1
Heidelberg Materials Tilslag Norge,1
Kna Raceway Motorsenter,1
Heistadmoen Skyte- Og Øvingsfelt,1
Knaskerøtter AS,1
Helikopterlandingsplass Store Bognøy Haakonsvern,1
Kongsberg Satellite Services AS,1
Hellefoss Paper,1
Krabyskogen Motorsenter,1
Lågen Gulrot AS,1
Kronos Titan,1
Lågen Potetpakkeri AS,1
Krystal AS,1
Lakseslakteriet På Kråkøy,1
Kullerud Gård,1
Langevatn Vannbehandlingsanlegg,1
Kvamskogen Vassbehandlingsanlegg,1
Lars Selheim Gårdsslakteri Voss,1
Kvitebjørn Varme Avfallsforbrenningsanlegg Skattøra,1
Larvik Impregneringskompani AS,1
Løgavlen Dolomittbrudd,1
Lauvåsen Steinbrudd,1
Franzefoss Gjenvinning,1
Leirduebane På Heggenes,1
Lakselv Lufthavn,1
Hembre Grustak,1
Landbasert,1
Hengsvann Skyte- Og Øvingsfelt,1
Langneset,1
Hennig-olsen Is AS,1
Larvik Brann Og Redning,1
Herøya Industripark,1
Laugslet Grustak,1
Herfjorden,1
Leca Rælingen,1
Leknes Lufthavn,1
Forsvarets Operative Hovedkontor,1
Leksdal Skyte- Og Øvingsfelt,1
Lensmyra Renseanlegg,1
Hermod Teigen Risavika,1
Lerøy Austevoll AS,1
Hestnestunnelen,1
Lesja Riflebaner,1
Hias Vannbehandlingsanlegg,1
Lieslia Skyte- Og Øvingsfelt,1
Hillesvåg Ullvarefabrikk AS,1
Liholmen Produksjon AS,1
Himberg Pukkverk,1
Lillehammer Vannverk,1
Hindalsrøra Vannbehandling,1
Lkab,1
Hinnøybilen,1
Lofoten Biomarine AS,1
Hitra Pukkverk,1
Lofoten Viking AS,1
Hitramat AS,1
Lora Riflebaner,1
Hjelset Vannbehandlingsanlegg,1
Lutelandet Offshore AS,1
Hodalen Riflebane,1
Lyngmyr Riflebane,1
Mølle- Og Siloanlegg For Miljøkalk,1
Forforedling,1
Møllendal Krematorium,1
Møre Og Romsdal Fk,1
Hofseth Aqua AS,1
Mårnes Kvartsittbrudd,1
Hofseth Biocare AS,1
Maarud AS,1
Hokksund Pukkverk,1
Macks Ølbryggeri AS,1
Hole Kalkverk,1
Forestia AS,1
Holmøy Lakseslakteri,1
Brattås Skrotsteindeponi,1
Østlandsjord,1
Dokka Fasteners AS,1
Ålesund Riflebaner,1
Felleskjøpet Steinkjer,1
Åndalen Pukkverk,1
Co2 Technology Centre Mongstad,1
Årabrot Brannøvningsplass,1
E16 Bjørum -skaret- Driftsfase- Utslipp Av Overvann Fra Vei,1
Årnes Vannverk,1
Esso Norge Slagentangen,1
Åstunnelen,1
Brønnøysund Lufthavn Brønnøy,1
Aak Steinbrudd,1
Calanus AS,1
Aaltvedt Betong AS,1
Damsgårdtunell Tunnelvaskevann Lyngbøvannet,1
Aas Mek. Verksted AS,1
Driftsutslipp Ivar Hovedvannledning Vest,1
Aass Bryggeri,1
Egersund Granite,1
Addcon Nordic,1
Elkem Thamshavn,1
Adesso Bioproducts,1
Fatland Ølen,1
Af Offshore Decom Miljøbase Vats,1
Ålesund Krematorium,1
7 Steel Nordic,1
Brannøvingsanlegg For Lillehammer Region Brannvesen,1
Alcoa Lista,1
Brunstad AS,1
Alcoa Norway AS,1
Ørland Kampflybase,1
Alfaset Krematorium,1
Dalen Sandtak,1
A. Johansen AS,1
Den Stolte Hane,1
Allnex Norway AS,1
Drens- Og Vaskevann,1
Alloc AS,1
E 18 Bambletunnelen,1
Allum Elgbane,1
E6 Kulstaddalen,1
Alsvåg Lakseslakteri,1
Eikefjord Vassverk,1
Alta Lufthavn,1
Elkem Rana,1
Aludyne Norway,1
Epax Norway AS,1
Alvdal Skurlag,1
Ålerudmyra Riflebane,1
Amalie Skram Videregående Skole Og Helleren Svømmehall,1
Felleskjøpet Kambo 1500 Fabrikk,1
Amsrud Pukkverk Maskinservice,1
Fiberprodukt AS,1
Andøya Flystasjon,1
Brødr. Sunde,1
Andøya Space Defence,1
Brandbu Vannbehandlingsanlegg,1
Andenes Fiskemottak AS,1
Brannøvingsplass Lakselv Lufthavn Banak,1
Andsvatn Reinslakteri Sus,1
Brekke Stenbrudd,1
Angråmyra Riflebane,1
Building Material Corporation AS,1
Anlegg For Forbrenningsforsøk Ved Råde Mølle,1
Carbon Centric AS,1
Anlegg For Mottak Og Behandling Av Asfalt Og Betong I Klæbu,1
Chitinor AS,1
Anleggsprosjekter I Kommunen,1
Cruda AS,1
Anleggsvirksomhet Tunnelarbeider Soknedal,1
Dalpro AS,1
Arba One AS,1
Dc Halsvik Aggregates AS,1
Arbor AS,1
Diplom-is,1
Arcos AS,1
Dot Duozink AS,1
Arctic Autorent,1
Drifsfase E134 Røldal-seljestad Tunnel,1
Arctic Husky Travellers,1
Dupont Nutrition Norge AS,1
Arendal Lufthavn Gullknapp,1
Ørskog Transformatorstasjon,1
Arendals Bryggeri AS,1
E16 Kvamskleiva,1
Arnøy Laks Slakteri,1
Ecopro,1
Art Nor Potetindustri,1
Østfold Energi,1
AS Glea,1
Ekeberg Oljelager,1
Asfalt Sør AS,1
Elkem Bremanger,1
Asfaltfabrikken AS,1
Elkem Tana,1
Ølen Betong Kvitsøy,1
Elvedalen Motor- Og Aktivitetssenter,1
Asfaltverk Ottersbo,1
Espeland Vannbehandlingsanlegg,1
Asfaltverk Søra Kalberg,1
Evanger Pølsefabrikk,1
Asfaltverk Skattøra Tromsø,1
Fagervika Tankanlegg,1
Aunsjøen Pukkverk,1
Fatland Oslo,1
Austevoll Vassverk,1
Felleskjøpet Rogaland Agder,1
Automester Svalbard,1
Ferrozink Trondheim AS,1
Avfallsforbrenning,1
Figgjo,1
Avfallsforbrenningsanlegg Heimdal,1
Finnvika Brannøvingsanlegg,1
Øre Vilt SA,1
Brønnøy Kalk AS,1
B. Hansen Renovasjon AS,1
Brøtaskogen Massemottak Og Deponi,1
Båtsfjord Lufthavn,1
Brann- Og Redningsskolen,1
Bakkland Transport Pukkverk,1
Brannøvingsfelt,1
Balhald Steinbrudd,1
Brannøvingsplass Lenvik Kommune,1
Bama Industri,1
Brattåsen Rifle- Og Leirduebaner,1
Banak Flystasjon,1
Bremanger Quarry AS,1
Bandak Nct AS,1
Budal Riflebaner,1
Bangsund Riflebaner,1
Busskulvert,1
Bardufoss Flystasjon,1
Carboline Norge AS,1
Basf AS,1
Ccb AS,1
Bassebo Steinbrudd,1
Chemring Nobel AS,1
Be Varme,1
Circle K Norge AS,1
Behandling Av Farlig Avfall,1
Coca-cola Robsrud,1
Behandling Metall Og Ee-avfall,1
Curida AS,1
Bekkestutunnelen,1
Dalir Kjøtt AS,1
Bensvik Fiskekjøp ANS,1
Daltveit Vassbehandlingsanlegg,1
Benteler Automotive Raufoss,1
Damsgårdtunnelen Tunnelvaksevann Puddefjorden,1
Beredskapskjel,1
Dc Seljestokken Aggregates AS,1
Berendsen Tekstil Service AS,1
Denofa,1
Berendsen Tekstilservice,1
Distrikt 37,1
Berg Lipidtech AS,1
Doneheia/jåbekk Industriområde,1
Bergåstunnelen E6,1
Drammen Krematorium,1
Bergan Steinbrudd,1
Drevjamoen Skyte- Og Øvingsfelt,1
Bergen Eloksal AS,1
Driftsfase,1
Bergen Engines Foundry,1
Dullum Slakteri AS,1
Bergen Lufthavn Flesland,1
Dynea Lillestrøm,1
Ørland,1
E. C. Dahls Bryggeri,1
Bergmesteren Raudsand AS,1
E16 Bagnskleivtunnelen,1
Berika AS,1
E16 Hugaviktunnelen,1
Berivest AS,1
E18 Lysaker Til Ramstadsletta,1
Berlevåg Lufthavn,1
E6 Skarpsnotunnelen,1
Betker AS,1
Edelgard AS,1
Beyonder,1
Eide Brandasund AS,1
Bia Miljø AS,1
Eikås Motorsenter,1
Bim Norway AS,1
Einar Øgrey Industrisand AS,1
Bio3 AS,1
Ekeberg Tank,1
Ørland Brannøvingsfelt,1
Elkem Bjølvefossen,1
Biomega Norway AS,1
Elkem Carbon,1
Biosirk AS,1
Elkem Salten,1
Ørland Flystasjon,1
Øyane Asvo AS,1
Bir Ressurs AS,1
Ellingsen Seafood AS,1
Bjørkedalen Riflebaner,1
Engebø Rutile And Garnet,1
Bjørnøya,1
Åfjord,1
Bjørndalen Pukkverk AS,1
Esso Norge,1
Bjørnegårdtunnelen,1
Etnedal Riflebane,1
Bjarkøy Pukkverk Yit,1
Everzinc Norway,1
Bjelland,1
Førde Vassverk,1
Blikshavn Riflebaner,1
Falken Riflebaner,1
Blindevannverket,1
Fatland Jæren,1
Blomjoten Masseuttak-harstad Maskin,1
Felleskjøpet Agri Fabrikk Nedre Ila Trondheim,1
Finny Sirevaag AS,1
Felleskjøpet Modum,1
Firmenich Bjørge Biomarin AS,1
Felleskjøpet Stange 4500 Fabrikk,1
Fiskå Mølle,1
Ferroglobe Mangan Norge,1
Fiven Norge,1
Festningstunnelen,1
Fjellhaller Risavika,1
Fibo AS,1
Fjordlaks AS,1
Filefjelltunnelen V/tyinkrysset,1
Florø Brannvesen,1
Finnfjord,1
Follebu Bruk AS,1
Ålesund Lufthavn,1
Forbrenningsdel,1
First Seafood AS,1
Bodø Lufthavn,1
Fiskå Mølle Flisa AS,1
Boliden Odda,1
Fjell Skytebane,1
Bonden Grønthandel,1
Fjordkjøkken,1
Bonnåtunellen,1
Flakstadvåg Laks AS,1
Borregaard,1
Fluorsid Noralf AS,1
Borstrandi Riflebaner,1
Follum Forbrenningsanlegg,1
Botnhågen Avfallsforbrenningsanlegg,1
3b-Fibreglass Norway,1
Bottum Grustak,1
Grand Total,1223
